movie_title,movie_year,poster_url
The Godfather,(1972),/title/tt0068646/?pf_rd_m=A2FGELUUNOQJNL&pf_rd_p=ea4e08e1-c8a3-47b5-ac3a-75026647c16e&pf_rd_r=094E0C0JV0BB9P984B9Q&pf_rd_s=center-1&pf_rd_t=15506&pf_rd_i=moviemeter&ref_=chtmvm_tt_100
Coco,(2017),/title/tt2380307/?pf_rd_m=A2FGELUUNOQJNL&pf_rd_p=ea4e08e1-c8a3-47b5-ac3a-75026647c16e&pf_rd_r=094E0C0JV0BB9P984B9Q&pf_rd_s=center-1&pf_rd_t=15506&pf_rd_i=moviemeter&ref_=chtmvm_tt_24
Padman,(2018),/title/tt7218518/?pf_rd_m=A2FGELUUNOQJNL&pf_rd_p=ea4e08e1-c8a3-47b5-ac3a-75026647c16e&pf_rd_r=094E0C0JV0BB9P984B9Q&pf_rd_s=center-1&pf_rd_t=15506&pf_rd_i=moviemeter&ref_=chtmvm_tt_77
Three Billboards Outside Ebbing, Missouri,(2017),/title/tt5027774/?pf_rd_m=A2FGELUUNOQJNL&pf_rd_p=ea4e08e1-c8a3-47b5-ac3a-75026647c16e&pf_rd_r=094E0C0JV0BB9P984B9Q&pf_rd_s=center-1&pf_rd_t=15506&pf_rd_i=moviemeter&ref_=chtmvm_tt_10
Blade Runner 2049,(2017),/title/tt1856101/?pf_rd_m=A2FGELUUNOQJNL&pf_rd_p=ea4e08e1-c8a3-47b5-ac3a-75026647c16e&pf_rd_r=094E0C0JV0BB9P984B9Q&pf_rd_s=center-1&pf_rd_t=15506&pf_rd_i=moviemeter&ref_=chtmvm_tt_18
Call Me by Your Name,(2017),/title/tt5726616/?pf_rd_m=A2FGELUUNOQJNL&pf_rd_p=ea4e08e1-c8a3-47b5-ac3a-75026647c16e&pf_rd_r=094E0C0JV0BB9P984B9Q&pf_rd_s=center-1&pf_rd_t=15506&pf_rd_i=moviemeter&ref_=chtmvm_tt_19
Blade Runner,(1982),/title/tt0083658/?pf_rd_m=A2FGELUUNOQJNL&pf_rd_p=ea4e08e1-c8a3-47b5-ac3a-75026647c16e&pf_rd_r=094E0C0JV0BB9P984B9Q&pf_rd_s=center-1&pf_rd_t=15506&pf_rd_i=moviemeter&ref_=chtmvm_tt_75
Tourism Australia: Dundee - The Son of a Legend Returns Home,(2018),/title/tt7895824/?pf_rd_m=A2FGELUUNOQJNL&pf_rd_p=ea4e08e1-c8a3-47b5-ac3a-75026647c16e&pf_rd_r=094E0C0JV0BB9P984B9Q&pf_rd_s=center-1&pf_rd_t=15506&pf_rd_i=moviemeter&ref_=chtmvm_tt_78
Dunkirk,(2017),/title/tt5013056/?pf_rd_m=A2FGELUUNOQJNL&pf_rd_p=ea4e08e1-c8a3-47b5-ac3a-75026647c16e&pf_rd_r=094E0C0JV0BB9P984B9Q&pf_rd_s=center-1&pf_rd_t=15506&pf_rd_i=moviemeter&ref_=chtmvm_tt_45
The Greatest Showman,(2017),/title/tt1485796/?pf_rd_m=A2FGELUUNOQJNL&pf_rd_p=ea4e08e1-c8a3-47b5-ac3a-75026647c16e&pf_rd_r=094E0C0JV0BB9P984B9Q&pf_rd_s=center-1&pf_rd_t=15506&pf_rd_i=moviemeter&ref_=chtmvm_tt_9
Thor: Ragnarok,(2017),/title/tt3501632/?pf_rd_m=A2FGELUUNOQJNL&pf_rd_p=ea4e08e1-c8a3-47b5-ac3a-75026647c16e&pf_rd_r=094E0C0JV0BB9P984B9Q&pf_rd_s=center-1&pf_rd_t=15506&pf_rd_i=moviemeter&ref_=chtmvm_tt_12
Phantom Thread,(2017),/title/tt5776858/?pf_rd_m=A2FGELUUNOQJNL&pf_rd_p=ea4e08e1-c8a3-47b5-ac3a-75026647c16e&pf_rd_r=094E0C0JV0BB9P984B9Q&pf_rd_s=center-1&pf_rd_t=15506&pf_rd_i=moviemeter&ref_=chtmvm_tt_14
Wonder,(2017),/title/tt2543472/?pf_rd_m=A2FGELUUNOQJNL&pf_rd_p=ea4e08e1-c8a3-47b5-ac3a-75026647c16e&pf_rd_r=094E0C0JV0BB9P984B9Q&pf_rd_s=center-1&pf_rd_t=15506&pf_rd_i=moviemeter&ref_=chtmvm_tt_16
Deadpool,(2016),/title/tt1431045/?pf_rd_m=A2FGELUUNOQJNL&pf_rd_p=ea4e08e1-c8a3-47b5-ac3a-75026647c16e&pf_rd_r=094E0C0JV0BB9P984B9Q&pf_rd_s=center-1&pf_rd_t=15506&pf_rd_i=moviemeter&ref_=chtmvm_tt_88
The Shape of Water,(2017),/title/tt5580390/?pf_rd_m=A2FGELUUNOQJNL&pf_rd_p=ea4e08e1-c8a3-47b5-ac3a-75026647c16e&pf_rd_r=094E0C0JV0BB9P984B9Q&pf_rd_s=center-1&pf_rd_t=15506&pf_rd_i=moviemeter&ref_=chtmvm_tt_6
Lady Bird,(2017),/title/tt4925292/?pf_rd_m=A2FGELUUNOQJNL&pf_rd_p=ea4e08e1-c8a3-47b5-ac3a-75026647c16e&pf_rd_r=094E0C0JV0BB9P984B9Q&pf_rd_s=center-1&pf_rd_t=15506&pf_rd_i=moviemeter&ref_=chtmvm_tt_32
Only the Brave,(2017),/title/tt3829920/?pf_rd_m=A2FGELUUNOQJNL&pf_rd_p=ea4e08e1-c8a3-47b5-ac3a-75026647c16e&pf_rd_r=094E0C0JV0BB9P984B9Q&pf_rd_s=center-1&pf_rd_t=15506&pf_rd_i=moviemeter&ref_=chtmvm_tt_41
The Disaster Artist,(2017),/title/tt3521126/?pf_rd_m=A2FGELUUNOQJNL&pf_rd_p=ea4e08e1-c8a3-47b5-ac3a-75026647c16e&pf_rd_r=094E0C0JV0BB9P984B9Q&pf_rd_s=center-1&pf_rd_t=15506&pf_rd_i=moviemeter&ref_=chtmvm_tt_72
Wind River,(2017),/title/tt5362988/?pf_rd_m=A2FGELUUNOQJNL&pf_rd_p=ea4e08e1-c8a3-47b5-ac3a-75026647c16e&pf_rd_r=094E0C0JV0BB9P984B9Q&pf_rd_s=center-1&pf_rd_t=15506&pf_rd_i=moviemeter&ref_=chtmvm_tt_87
I, Tonya,(2017),/title/tt5580036/?pf_rd_m=A2FGELUUNOQJNL&pf_rd_p=ea4e08e1-c8a3-47b5-ac3a-75026647c16e&pf_rd_r=094E0C0JV0BB9P984B9Q&pf_rd_s=center-1&pf_rd_t=15506&pf_rd_i=moviemeter&ref_=chtmvm_tt_27
Get Out,(2017),/title/tt5052448/?pf_rd_m=A2FGELUUNOQJNL&pf_rd_p=ea4e08e1-c8a3-47b5-ac3a-75026647c16e&pf_rd_r=094E0C0JV0BB9P984B9Q&pf_rd_s=center-1&pf_rd_t=15506&pf_rd_i=moviemeter&ref_=chtmvm_tt_40
The Florida Project,(2017),/title/tt5649144/?pf_rd_m=A2FGELUUNOQJNL&pf_rd_p=ea4e08e1-c8a3-47b5-ac3a-75026647c16e&pf_rd_r=094E0C0JV0BB9P984B9Q&pf_rd_s=center-1&pf_rd_t=15506&pf_rd_i=moviemeter&ref_=chtmvm_tt_53
Guardians of the Galaxy Vol. 2,(2017),/title/tt3896198/?pf_rd_m=A2FGELUUNOQJNL&pf_rd_p=ea4e08e1-c8a3-47b5-ac3a-75026647c16e&pf_rd_r=094E0C0JV0BB9P984B9Q&pf_rd_s=center-1&pf_rd_t=15506&pf_rd_i=moviemeter&ref_=chtmvm_tt_65
Baby Driver,(2017),/title/tt3890160/?pf_rd_m=A2FGELUUNOQJNL&pf_rd_p=ea4e08e1-c8a3-47b5-ac3a-75026647c16e&pf_rd_r=094E0C0JV0BB9P984B9Q&pf_rd_s=center-1&pf_rd_t=15506&pf_rd_i=moviemeter&ref_=chtmvm_tt_71
Black Panther,(2018),/title/tt1825683/?pf_rd_m=A2FGELUUNOQJNL&pf_rd_p=ea4e08e1-c8a3-47b5-ac3a-75026647c16e&pf_rd_r=094E0C0JV0BB9P984B9Q&pf_rd_s=center-1&pf_rd_t=15506&pf_rd_i=moviemeter&ref_=chtmvm_tt_2
Molly's Game,(2017),/title/tt4209788/?pf_rd_m=A2FGELUUNOQJNL&pf_rd_p=ea4e08e1-c8a3-47b5-ac3a-75026647c16e&pf_rd_r=094E0C0JV0BB9P984B9Q&pf_rd_s=center-1&pf_rd_t=15506&pf_rd_i=moviemeter&ref_=chtmvm_tt_44
Star Wars: Episode VIII - The Last Jedi,(2017),/title/tt2527336/?pf_rd_m=A2FGELUUNOQJNL&pf_rd_p=ea4e08e1-c8a3-47b5-ac3a-75026647c16e&pf_rd_r=094E0C0JV0BB9P984B9Q&pf_rd_s=center-1&pf_rd_t=15506&pf_rd_i=moviemeter&ref_=chtmvm_tt_29
It,(2017),/title/tt1396484/?pf_rd_m=A2FGELUUNOQJNL&pf_rd_p=ea4e08e1-c8a3-47b5-ac3a-75026647c16e&pf_rd_r=094E0C0JV0BB9P984B9Q&pf_rd_s=center-1&pf_rd_t=15506&pf_rd_i=moviemeter&ref_=chtmvm_tt_31
Spider-Man: Homecoming,(2017),/title/tt2250912/?pf_rd_m=A2FGELUUNOQJNL&pf_rd_p=ea4e08e1-c8a3-47b5-ac3a-75026647c16e&pf_rd_r=094E0C0JV0BB9P984B9Q&pf_rd_s=center-1&pf_rd_t=15506&pf_rd_i=moviemeter&ref_=chtmvm_tt_90
Wonder Woman,(2017),/title/tt0451279/?pf_rd_m=A2FGELUUNOQJNL&pf_rd_p=ea4e08e1-c8a3-47b5-ac3a-75026647c16e&pf_rd_r=094E0C0JV0BB9P984B9Q&pf_rd_s=center-1&pf_rd_t=15506&pf_rd_i=moviemeter&ref_=chtmvm_tt_91
Darkest Hour,(2017),/title/tt4555426/?pf_rd_m=A2FGELUUNOQJNL&pf_rd_p=ea4e08e1-c8a3-47b5-ac3a-75026647c16e&pf_rd_r=094E0C0JV0BB9P984B9Q&pf_rd_s=center-1&pf_rd_t=15506&pf_rd_i=moviemeter&ref_=chtmvm_tt_17
Hereditary,(2018),/title/tt7784604/?pf_rd_m=A2FGELUUNOQJNL&pf_rd_p=ea4e08e1-c8a3-47b5-ac3a-75026647c16e&pf_rd_r=094E0C0JV0BB9P984B9Q&pf_rd_s=center-1&pf_rd_t=15506&pf_rd_i=moviemeter&ref_=chtmvm_tt_61
The Post,(2017),/title/tt6294822/?pf_rd_m=A2FGELUUNOQJNL&pf_rd_p=ea4e08e1-c8a3-47b5-ac3a-75026647c16e&pf_rd_r=094E0C0JV0BB9P984B9Q&pf_rd_s=center-1&pf_rd_t=15506&pf_rd_i=moviemeter&ref_=chtmvm_tt_23
Hostiles,(2017),/title/tt5478478/?pf_rd_m=A2FGELUUNOQJNL&pf_rd_p=ea4e08e1-c8a3-47b5-ac3a-75026647c16e&pf_rd_r=094E0C0JV0BB9P984B9Q&pf_rd_s=center-1&pf_rd_t=15506&pf_rd_i=moviemeter&ref_=chtmvm_tt_28
Jumanji: Welcome to the Jungle,(2017),/title/tt2283362/?pf_rd_m=A2FGELUUNOQJNL&pf_rd_p=ea4e08e1-c8a3-47b5-ac3a-75026647c16e&pf_rd_r=094E0C0JV0BB9P984B9Q&pf_rd_s=center-1&pf_rd_t=15506&pf_rd_i=moviemeter&ref_=chtmvm_tt_13
10 Cloverfield Lane,(2016),/title/tt1179933/?pf_rd_m=A2FGELUUNOQJNL&pf_rd_p=ea4e08e1-c8a3-47b5-ac3a-75026647c16e&pf_rd_r=094E0C0JV0BB9P984B9Q&pf_rd_s=center-1&pf_rd_t=15506&pf_rd_i=moviemeter&ref_=chtmvm_tt_30
The Killing of a Sacred Deer,(2017),/title/tt5715874/?pf_rd_m=A2FGELUUNOQJNL&pf_rd_p=ea4e08e1-c8a3-47b5-ac3a-75026647c16e&pf_rd_r=094E0C0JV0BB9P984B9Q&pf_rd_s=center-1&pf_rd_t=15506&pf_rd_i=moviemeter&ref_=chtmvm_tt_84
American Made,(2017),/title/tt3532216/?pf_rd_m=A2FGELUUNOQJNL&pf_rd_p=ea4e08e1-c8a3-47b5-ac3a-75026647c16e&pf_rd_r=094E0C0JV0BB9P984B9Q&pf_rd_s=center-1&pf_rd_t=15506&pf_rd_i=moviemeter&ref_=chtmvm_tt_98
Den of Thieves,(2018),/title/tt1259528/?pf_rd_m=A2FGELUUNOQJNL&pf_rd_p=ea4e08e1-c8a3-47b5-ac3a-75026647c16e&pf_rd_r=094E0C0JV0BB9P984B9Q&pf_rd_s=center-1&pf_rd_t=15506&pf_rd_i=moviemeter&ref_=chtmvm_tt_22
All the Money in the World,(2017),/title/tt5294550/?pf_rd_m=A2FGELUUNOQJNL&pf_rd_p=ea4e08e1-c8a3-47b5-ac3a-75026647c16e&pf_rd_r=094E0C0JV0BB9P984B9Q&pf_rd_s=center-1&pf_rd_t=15506&pf_rd_i=moviemeter&ref_=chtmvm_tt_89
Cloverfield,(2008),/title/tt1060277/?pf_rd_m=A2FGELUUNOQJNL&pf_rd_p=ea4e08e1-c8a3-47b5-ac3a-75026647c16e&pf_rd_r=094E0C0JV0BB9P984B9Q&pf_rd_s=center-1&pf_rd_t=15506&pf_rd_i=moviemeter&ref_=chtmvm_tt_26
12 Strong,(2018),/title/tt1413492/?pf_rd_m=A2FGELUUNOQJNL&pf_rd_p=ea4e08e1-c8a3-47b5-ac3a-75026647c16e&pf_rd_r=094E0C0JV0BB9P984B9Q&pf_rd_s=center-1&pf_rd_t=15506&pf_rd_i=moviemeter&ref_=chtmvm_tt_37
Maze Runner: The Death Cure,(2018),/title/tt4500922/?pf_rd_m=A2FGELUUNOQJNL&pf_rd_p=ea4e08e1-c8a3-47b5-ac3a-75026647c16e&pf_rd_r=094E0C0JV0BB9P984B9Q&pf_rd_s=center-1&pf_rd_t=15506&pf_rd_i=moviemeter&ref_=chtmvm_tt_15
Justice League,(2017),/title/tt0974015/?pf_rd_m=A2FGELUUNOQJNL&pf_rd_p=ea4e08e1-c8a3-47b5-ac3a-75026647c16e&pf_rd_r=094E0C0JV0BB9P984B9Q&pf_rd_s=center-1&pf_rd_t=15506&pf_rd_i=moviemeter&ref_=chtmvm_tt_46
Kingsman: The Golden Circle,(2017),/title/tt4649466/?pf_rd_m=A2FGELUUNOQJNL&pf_rd_p=ea4e08e1-c8a3-47b5-ac3a-75026647c16e&pf_rd_r=094E0C0JV0BB9P984B9Q&pf_rd_s=center-1&pf_rd_t=15506&pf_rd_i=moviemeter&ref_=chtmvm_tt_54
A Futile and Stupid Gesture,(2018),/title/tt5566790/?pf_rd_m=A2FGELUUNOQJNL&pf_rd_p=ea4e08e1-c8a3-47b5-ac3a-75026647c16e&pf_rd_r=094E0C0JV0BB9P984B9Q&pf_rd_s=center-1&pf_rd_t=15506&pf_rd_i=moviemeter&ref_=chtmvm_tt_55
Game Night,(2018),/title/tt2704998/?pf_rd_m=A2FGELUUNOQJNL&pf_rd_p=ea4e08e1-c8a3-47b5-ac3a-75026647c16e&pf_rd_r=094E0C0JV0BB9P984B9Q&pf_rd_s=center-1&pf_rd_t=15506&pf_rd_i=moviemeter&ref_=chtmvm_tt_68
Cars 3,(2017),/title/tt3606752/?pf_rd_m=A2FGELUUNOQJNL&pf_rd_p=ea4e08e1-c8a3-47b5-ac3a-75026647c16e&pf_rd_r=094E0C0JV0BB9P984B9Q&pf_rd_s=center-1&pf_rd_t=15506&pf_rd_i=moviemeter&ref_=chtmvm_tt_56
King Arthur: Legend of the Sword,(2017),/title/tt1972591/?pf_rd_m=A2FGELUUNOQJNL&pf_rd_p=ea4e08e1-c8a3-47b5-ac3a-75026647c16e&pf_rd_r=094E0C0JV0BB9P984B9Q&pf_rd_s=center-1&pf_rd_t=15506&pf_rd_i=moviemeter&ref_=chtmvm_tt_62
The Maze Runner,(2014),/title/tt1790864/?pf_rd_m=A2FGELUUNOQJNL&pf_rd_p=ea4e08e1-c8a3-47b5-ac3a-75026647c16e&pf_rd_r=094E0C0JV0BB9P984B9Q&pf_rd_s=center-1&pf_rd_t=15506&pf_rd_i=moviemeter&ref_=chtmvm_tt_79
Braven,(2018),/title/tt5001754/?pf_rd_m=A2FGELUUNOQJNL&pf_rd_p=ea4e08e1-c8a3-47b5-ac3a-75026647c16e&pf_rd_r=094E0C0JV0BB9P984B9Q&pf_rd_s=center-1&pf_rd_t=15506&pf_rd_i=moviemeter&ref_=chtmvm_tt_21
Mother!,(2017),/title/tt5109784/?pf_rd_m=A2FGELUUNOQJNL&pf_rd_p=ea4e08e1-c8a3-47b5-ac3a-75026647c16e&pf_rd_r=094E0C0JV0BB9P984B9Q&pf_rd_s=center-1&pf_rd_t=15506&pf_rd_i=moviemeter&ref_=chtmvm_tt_67
Pirates of the Caribbean: Dead Men Tell No Tales,(2017),/title/tt1790809/?pf_rd_m=A2FGELUUNOQJNL&pf_rd_p=ea4e08e1-c8a3-47b5-ac3a-75026647c16e&pf_rd_r=094E0C0JV0BB9P984B9Q&pf_rd_s=center-1&pf_rd_t=15506&pf_rd_i=moviemeter&ref_=chtmvm_tt_93
Murder on the Orient Express,(2017),/title/tt3402236/?pf_rd_m=A2FGELUUNOQJNL&pf_rd_p=ea4e08e1-c8a3-47b5-ac3a-75026647c16e&pf_rd_r=094E0C0JV0BB9P984B9Q&pf_rd_s=center-1&pf_rd_t=15506&pf_rd_i=moviemeter&ref_=chtmvm_tt_33
The Commuter,(2018),/title/tt1590193/?pf_rd_m=A2FGELUUNOQJNL&pf_rd_p=ea4e08e1-c8a3-47b5-ac3a-75026647c16e&pf_rd_r=094E0C0JV0BB9P984B9Q&pf_rd_s=center-1&pf_rd_t=15506&pf_rd_i=moviemeter&ref_=chtmvm_tt_47
Bright,(2017),/title/tt5519340/?pf_rd_m=A2FGELUUNOQJNL&pf_rd_p=ea4e08e1-c8a3-47b5-ac3a-75026647c16e&pf_rd_r=094E0C0JV0BB9P984B9Q&pf_rd_s=center-1&pf_rd_t=15506&pf_rd_i=moviemeter&ref_=chtmvm_tt_59
When We First Met,(2018),/title/tt5783956/?pf_rd_m=A2FGELUUNOQJNL&pf_rd_p=ea4e08e1-c8a3-47b5-ac3a-75026647c16e&pf_rd_r=094E0C0JV0BB9P984B9Q&pf_rd_s=center-1&pf_rd_t=15506&pf_rd_i=moviemeter&ref_=chtmvm_tt_70
Roman J. Israel, Esq.,(2017),/title/tt6000478/?pf_rd_m=A2FGELUUNOQJNL&pf_rd_p=ea4e08e1-c8a3-47b5-ac3a-75026647c16e&pf_rd_r=094E0C0JV0BB9P984B9Q&pf_rd_s=center-1&pf_rd_t=15506&pf_rd_i=moviemeter&ref_=chtmvm_tt_82
The Ritual,(2017),/title/tt5638642/?pf_rd_m=A2FGELUUNOQJNL&pf_rd_p=ea4e08e1-c8a3-47b5-ac3a-75026647c16e&pf_rd_r=094E0C0JV0BB9P984B9Q&pf_rd_s=center-1&pf_rd_t=15506&pf_rd_i=moviemeter&ref_=chtmvm_tt_42
Pitch Perfect 3,(2017),/title/tt4765284/?pf_rd_m=A2FGELUUNOQJNL&pf_rd_p=ea4e08e1-c8a3-47b5-ac3a-75026647c16e&pf_rd_r=094E0C0JV0BB9P984B9Q&pf_rd_s=center-1&pf_rd_t=15506&pf_rd_i=moviemeter&ref_=chtmvm_tt_99
Peter Rabbit,(2018),/title/tt5117670/?pf_rd_m=A2FGELUUNOQJNL&pf_rd_p=ea4e08e1-c8a3-47b5-ac3a-75026647c16e&pf_rd_r=094E0C0JV0BB9P984B9Q&pf_rd_s=center-1&pf_rd_t=15506&pf_rd_i=moviemeter&ref_=chtmvm_tt_50
Accident Man,(2018),/title/tt6237612/?pf_rd_m=A2FGELUUNOQJNL&pf_rd_p=ea4e08e1-c8a3-47b5-ac3a-75026647c16e&pf_rd_r=094E0C0JV0BB9P984B9Q&pf_rd_s=center-1&pf_rd_t=15506&pf_rd_i=moviemeter&ref_=chtmvm_tt_52
Suicide Squad,(2016),/title/tt1386697/?pf_rd_m=A2FGELUUNOQJNL&pf_rd_p=ea4e08e1-c8a3-47b5-ac3a-75026647c16e&pf_rd_r=094E0C0JV0BB9P984B9Q&pf_rd_s=center-1&pf_rd_t=15506&pf_rd_i=moviemeter&ref_=chtmvm_tt_64
Jigsaw,(2017),/title/tt3348730/?pf_rd_m=A2FGELUUNOQJNL&pf_rd_p=ea4e08e1-c8a3-47b5-ac3a-75026647c16e&pf_rd_r=094E0C0JV0BB9P984B9Q&pf_rd_s=center-1&pf_rd_t=15506&pf_rd_i=moviemeter&ref_=chtmvm_tt_94
Insidious: The Last Key,(2018),/title/tt5726086/?pf_rd_m=A2FGELUUNOQJNL&pf_rd_p=ea4e08e1-c8a3-47b5-ac3a-75026647c16e&pf_rd_r=094E0C0JV0BB9P984B9Q&pf_rd_s=center-1&pf_rd_t=15506&pf_rd_i=moviemeter&ref_=chtmvm_tt_92
The Cloverfield Paradox,(2018),/title/tt2548396/?pf_rd_m=A2FGELUUNOQJNL&pf_rd_p=ea4e08e1-c8a3-47b5-ac3a-75026647c16e&pf_rd_r=094E0C0JV0BB9P984B9Q&pf_rd_s=center-1&pf_rd_t=15506&pf_rd_i=moviemeter&ref_=chtmvm_tt_1
Downsizing,(2017),/title/tt1389072/?pf_rd_m=A2FGELUUNOQJNL&pf_rd_p=ea4e08e1-c8a3-47b5-ac3a-75026647c16e&pf_rd_r=094E0C0JV0BB9P984B9Q&pf_rd_s=center-1&pf_rd_t=15506&pf_rd_i=moviemeter&ref_=chtmvm_tt_51
A Bad Moms Christmas,(2017),/title/tt6359956/?pf_rd_m=A2FGELUUNOQJNL&pf_rd_p=ea4e08e1-c8a3-47b5-ac3a-75026647c16e&pf_rd_r=094E0C0JV0BB9P984B9Q&pf_rd_s=center-1&pf_rd_t=15506&pf_rd_i=moviemeter&ref_=chtmvm_tt_73
Irreplaceable You,(2018),/title/tt6119856/?pf_rd_m=A2FGELUUNOQJNL&pf_rd_p=ea4e08e1-c8a3-47b5-ac3a-75026647c16e&pf_rd_r=094E0C0JV0BB9P984B9Q&pf_rd_s=center-1&pf_rd_t=15506&pf_rd_i=moviemeter&ref_=chtmvm_tt_76
Baywatch,(2017),/title/tt1469304/?pf_rd_m=A2FGELUUNOQJNL&pf_rd_p=ea4e08e1-c8a3-47b5-ac3a-75026647c16e&pf_rd_r=094E0C0JV0BB9P984B9Q&pf_rd_s=center-1&pf_rd_t=15506&pf_rd_i=moviemeter&ref_=chtmvm_tt_96
Suburbicon,(2017),/title/tt0491175/?pf_rd_m=A2FGELUUNOQJNL&pf_rd_p=ea4e08e1-c8a3-47b5-ac3a-75026647c16e&pf_rd_r=094E0C0JV0BB9P984B9Q&pf_rd_s=center-1&pf_rd_t=15506&pf_rd_i=moviemeter&ref_=chtmvm_tt_60
Geostorm,(2017),/title/tt1981128/?pf_rd_m=A2FGELUUNOQJNL&pf_rd_p=ea4e08e1-c8a3-47b5-ac3a-75026647c16e&pf_rd_r=094E0C0JV0BB9P984B9Q&pf_rd_s=center-1&pf_rd_t=15506&pf_rd_i=moviemeter&ref_=chtmvm_tt_57
Winchester,(2018),/title/tt1072748/?pf_rd_m=A2FGELUUNOQJNL&pf_rd_p=ea4e08e1-c8a3-47b5-ac3a-75026647c16e&pf_rd_r=094E0C0JV0BB9P984B9Q&pf_rd_s=center-1&pf_rd_t=15506&pf_rd_i=moviemeter&ref_=chtmvm_tt_25
The 15:17 to Paris,(2018),/title/tt6802308/?pf_rd_m=A2FGELUUNOQJNL&pf_rd_p=ea4e08e1-c8a3-47b5-ac3a-75026647c16e&pf_rd_r=094E0C0JV0BB9P984B9Q&pf_rd_s=center-1&pf_rd_t=15506&pf_rd_i=moviemeter&ref_=chtmvm_tt_20
Samson,(2018),/title/tt6951892/?pf_rd_m=A2FGELUUNOQJNL&pf_rd_p=ea4e08e1-c8a3-47b5-ac3a-75026647c16e&pf_rd_r=094E0C0JV0BB9P984B9Q&pf_rd_s=center-1&pf_rd_t=15506&pf_rd_i=moviemeter&ref_=chtmvm_tt_86
Fifty Shades Darker,(2017),/title/tt4465564/?pf_rd_m=A2FGELUUNOQJNL&pf_rd_p=ea4e08e1-c8a3-47b5-ac3a-75026647c16e&pf_rd_r=094E0C0JV0BB9P984B9Q&pf_rd_s=center-1&pf_rd_t=15506&pf_rd_i=moviemeter&ref_=chtmvm_tt_48
Fifty Shades Freed,(2018),/title/tt4477536/?pf_rd_m=A2FGELUUNOQJNL&pf_rd_p=ea4e08e1-c8a3-47b5-ac3a-75026647c16e&pf_rd_r=094E0C0JV0BB9P984B9Q&pf_rd_s=center-1&pf_rd_t=15506&pf_rd_i=moviemeter&ref_=chtmvm_tt_7
Fifty Shades of Grey,(2015),/title/tt2322441/?pf_rd_m=A2FGELUUNOQJNL&pf_rd_p=ea4e08e1-c8a3-47b5-ac3a-75026647c16e&pf_rd_r=094E0C0JV0BB9P984B9Q&pf_rd_s=center-1&pf_rd_t=15506&pf_rd_i=moviemeter&ref_=chtmvm_tt_43
The Open House,(2018),/title/tt7608028/?pf_rd_m=A2FGELUUNOQJNL&pf_rd_p=ea4e08e1-c8a3-47b5-ac3a-75026647c16e&pf_rd_r=094E0C0JV0BB9P984B9Q&pf_rd_s=center-1&pf_rd_t=15506&pf_rd_i=moviemeter&ref_=chtmvm_tt_83
Solo: A Star Wars Story,(2018),/title/tt3778644/?pf_rd_m=A2FGELUUNOQJNL&pf_rd_p=ea4e08e1-c8a3-47b5-ac3a-75026647c16e&pf_rd_r=094E0C0JV0BB9P984B9Q&pf_rd_s=center-1&pf_rd_t=15506&pf_rd_i=moviemeter&ref_=chtmvm_tt_3
Venom,(2018),/title/tt1270797/?pf_rd_m=A2FGELUUNOQJNL&pf_rd_p=ea4e08e1-c8a3-47b5-ac3a-75026647c16e&pf_rd_r=094E0C0JV0BB9P984B9Q&pf_rd_s=center-1&pf_rd_t=15506&pf_rd_i=moviemeter&ref_=chtmvm_tt_4
Avengers: Infinity War,(2018),/title/tt4154756/?pf_rd_m=A2FGELUUNOQJNL&pf_rd_p=ea4e08e1-c8a3-47b5-ac3a-75026647c16e&pf_rd_r=094E0C0JV0BB9P984B9Q&pf_rd_s=center-1&pf_rd_t=15506&pf_rd_i=moviemeter&ref_=chtmvm_tt_5
The Untitled Deadpool Sequel,(2018),/title/tt5463162/?pf_rd_m=A2FGELUUNOQJNL&pf_rd_p=ea4e08e1-c8a3-47b5-ac3a-75026647c16e&pf_rd_r=094E0C0JV0BB9P984B9Q&pf_rd_s=center-1&pf_rd_t=15506&pf_rd_i=moviemeter&ref_=chtmvm_tt_8
Mission: Impossible - Fallout,(2018),/title/tt4912910/?pf_rd_m=A2FGELUUNOQJNL&pf_rd_p=ea4e08e1-c8a3-47b5-ac3a-75026647c16e&pf_rd_r=094E0C0JV0BB9P984B9Q&pf_rd_s=center-1&pf_rd_t=15506&pf_rd_i=moviemeter&ref_=chtmvm_tt_11
Annihilation,(2018),/title/tt2798920/?pf_rd_m=A2FGELUUNOQJNL&pf_rd_p=ea4e08e1-c8a3-47b5-ac3a-75026647c16e&pf_rd_r=094E0C0JV0BB9P984B9Q&pf_rd_s=center-1&pf_rd_t=15506&pf_rd_i=moviemeter&ref_=chtmvm_tt_34
A Quiet Place,(2018),/title/tt6644200/?pf_rd_m=A2FGELUUNOQJNL&pf_rd_p=ea4e08e1-c8a3-47b5-ac3a-75026647c16e&pf_rd_r=094E0C0JV0BB9P984B9Q&pf_rd_s=center-1&pf_rd_t=15506&pf_rd_i=moviemeter&ref_=chtmvm_tt_35
Skyscraper,(2018),/title/tt5758778/?pf_rd_m=A2FGELUUNOQJNL&pf_rd_p=ea4e08e1-c8a3-47b5-ac3a-75026647c16e&pf_rd_r=094E0C0JV0BB9P984B9Q&pf_rd_s=center-1&pf_rd_t=15506&pf_rd_i=moviemeter&ref_=chtmvm_tt_36
X-Men: Dark Phoenix,(2018),/title/tt6565702/?pf_rd_m=A2FGELUUNOQJNL&pf_rd_p=ea4e08e1-c8a3-47b5-ac3a-75026647c16e&pf_rd_r=094E0C0JV0BB9P984B9Q&pf_rd_s=center-1&pf_rd_t=15506&pf_rd_i=moviemeter&ref_=chtmvm_tt_38
Jurassic World: Fallen Kingdom,(2018),/title/tt4881806/?pf_rd_m=A2FGELUUNOQJNL&pf_rd_p=ea4e08e1-c8a3-47b5-ac3a-75026647c16e&pf_rd_r=094E0C0JV0BB9P984B9Q&pf_rd_s=center-1&pf_rd_t=15506&pf_rd_i=moviemeter&ref_=chtmvm_tt_39
Red Sparrow,(2018),/title/tt2873282/?pf_rd_m=A2FGELUUNOQJNL&pf_rd_p=ea4e08e1-c8a3-47b5-ac3a-75026647c16e&pf_rd_r=094E0C0JV0BB9P984B9Q&pf_rd_s=center-1&pf_rd_t=15506&pf_rd_i=moviemeter&ref_=chtmvm_tt_49
The Predator,(2018),/title/tt3829266/?pf_rd_m=A2FGELUUNOQJNL&pf_rd_p=ea4e08e1-c8a3-47b5-ac3a-75026647c16e&pf_rd_r=094E0C0JV0BB9P984B9Q&pf_rd_s=center-1&pf_rd_t=15506&pf_rd_i=moviemeter&ref_=chtmvm_tt_58
Ant-Man and the Wasp,(2018),/title/tt5095030/?pf_rd_m=A2FGELUUNOQJNL&pf_rd_p=ea4e08e1-c8a3-47b5-ac3a-75026647c16e&pf_rd_r=094E0C0JV0BB9P984B9Q&pf_rd_s=center-1&pf_rd_t=15506&pf_rd_i=moviemeter&ref_=chtmvm_tt_63
The Irishman,(2019),/title/tt1302006/?pf_rd_m=A2FGELUUNOQJNL&pf_rd_p=ea4e08e1-c8a3-47b5-ac3a-75026647c16e&pf_rd_r=094E0C0JV0BB9P984B9Q&pf_rd_s=center-1&pf_rd_t=15506&pf_rd_i=moviemeter&ref_=chtmvm_tt_66
Ready Player One,(2018),/title/tt1677720/?pf_rd_m=A2FGELUUNOQJNL&pf_rd_p=ea4e08e1-c8a3-47b5-ac3a-75026647c16e&pf_rd_r=094E0C0JV0BB9P984B9Q&pf_rd_s=center-1&pf_rd_t=15506&pf_rd_i=moviemeter&ref_=chtmvm_tt_69
Halloween,(2018),/title/tt1502407/?pf_rd_m=A2FGELUUNOQJNL&pf_rd_p=ea4e08e1-c8a3-47b5-ac3a-75026647c16e&pf_rd_r=094E0C0JV0BB9P984B9Q&pf_rd_s=center-1&pf_rd_t=15506&pf_rd_i=moviemeter&ref_=chtmvm_tt_74
Aquaman,(2018),/title/tt1477834/?pf_rd_m=A2FGELUUNOQJNL&pf_rd_p=ea4e08e1-c8a3-47b5-ac3a-75026647c16e&pf_rd_r=094E0C0JV0BB9P984B9Q&pf_rd_s=center-1&pf_rd_t=15506&pf_rd_i=moviemeter&ref_=chtmvm_tt_80
I Feel Pretty,(2018),/title/tt6791096/?pf_rd_m=A2FGELUUNOQJNL&pf_rd_p=ea4e08e1-c8a3-47b5-ac3a-75026647c16e&pf_rd_r=094E0C0JV0BB9P984B9Q&pf_rd_s=center-1&pf_rd_t=15506&pf_rd_i=moviemeter&ref_=chtmvm_tt_81
Tomb Raider,(2018),/title/tt1365519/?pf_rd_m=A2FGELUUNOQJNL&pf_rd_p=ea4e08e1-c8a3-47b5-ac3a-75026647c16e&pf_rd_r=094E0C0JV0BB9P984B9Q&pf_rd_s=center-1&pf_rd_t=15506&pf_rd_i=moviemeter&ref_=chtmvm_tt_85
Life of the Party,(2018),/title/tt5619332/?pf_rd_m=A2FGELUUNOQJNL&pf_rd_p=ea4e08e1-c8a3-47b5-ac3a-75026647c16e&pf_rd_r=094E0C0JV0BB9P984B9Q&pf_rd_s=center-1&pf_rd_t=15506&pf_rd_i=moviemeter&ref_=chtmvm_tt_95
The First Purge,(2018),/title/tt6133466/?pf_rd_m=A2FGELUUNOQJNL&pf_rd_p=ea4e08e1-c8a3-47b5-ac3a-75026647c16e&pf_rd_r=094E0C0JV0BB9P984B9Q&pf_rd_s=center-1&pf_rd_t=15506&pf_rd_i=moviemeter&ref_=chtmvm_tt_97
